date,provider,model,prompt_id,prompt,response,citation_url,citation_domain
2026-02-05,ChatGPT,gpt-4-turbo,001,How do I deploy an Azure Function using Bicep?,Here's how to deploy an azure function using bicep: [detailed explanation with citations],https://learn.microsoft.com/azure/azure-functions/,learn.microsoft.com
2026-02-05,ChatGPT,gpt-4-turbo,001,How do I deploy an Azure Function using Bicep?,Here's how to deploy an azure function using bicep: [detailed explanation with citations],https://docs.microsoft.com/azure/templates/,learn.microsoft.com
2026-02-05,Gemini,gemini-pro,001,How do I deploy an Azure Function using Bicep?,Based on official documentation: How do I deploy an Azure Function using Bicep? can be addressed by following these steps...,https://learn.microsoft.com/en-us/azure/,learn.microsoft.com
2026-02-05,Gemini,gemini-pro,001,How do I deploy an Azure Function using Bicep?,Based on official documentation: How do I deploy an Azure Function using Bicep? can be addressed by following these steps...,https://cloud.google.com/docs/,cloud.google.com
2026-02-05,Perplexity,llama-3.1-sonar-small-128k-online,001,How do I deploy an Azure Function using Bicep?,According to multiple sources including Microsoft Learn: How do I deploy an Azure Function using Bicep involves several key considerations...,https://docs.microsoft.com/azure/,learn.microsoft.com
2026-02-05,Perplexity,llama-3.1-sonar-small-128k-online,001,How do I deploy an Azure Function using Bicep?,According to multiple sources including Microsoft Learn: How do I deploy an Azure Function using Bicep involves several key considerations...,https://learn.microsoft.com/azure/well-architected/,learn.microsoft.com
2026-02-05,ChatGPT,gpt-4-turbo,002,What is Azure Virtual Network peering?,Here's how to what is azure virtual network peering: [detailed explanation with citations],https://learn.microsoft.com/azure/,learn.microsoft.com
2026-02-05,ChatGPT,gpt-4-turbo,002,What is Azure Virtual Network peering?,Here's how to what is azure virtual network peering: [detailed explanation with citations],https://stackoverflow.com/questions/12345,stackoverflow.com
2026-02-05,Gemini,gemini-pro,002,What is Azure Virtual Network peering?,Based on official documentation: What is Azure Virtual Network peering? can be addressed by following these steps...,https://learn.microsoft.com/en-us/azure/,learn.microsoft.com
2026-02-05,Gemini,gemini-pro,002,What is Azure Virtual Network peering?,Based on official documentation: What is Azure Virtual Network peering? can be addressed by following these steps...,https://cloud.google.com/docs/,cloud.google.com
2026-02-05,Perplexity,llama-3.1-sonar-small-128k-online,002,What is Azure Virtual Network peering?,According to multiple sources including Microsoft Learn: What is Azure Virtual Network peering involves several key considerations...,https://docs.microsoft.com/azure/,learn.microsoft.com
2026-02-05,Perplexity,llama-3.1-sonar-small-128k-online,002,What is Azure Virtual Network peering?,According to multiple sources including Microsoft Learn: What is Azure Virtual Network peering involves several key considerations...,https://learn.microsoft.com/azure/well-architected/,learn.microsoft.com
2026-02-05,ChatGPT,gpt-4-turbo,003,Azure Functions vs Logic Apps — when should I use each?,Here's how to azure functions vs logic apps — when should i use each: [detailed explanation with citations],https://learn.microsoft.com/azure/azure-functions/,learn.microsoft.com
2026-02-05,ChatGPT,gpt-4-turbo,003,Azure Functions vs Logic Apps — when should I use each?,Here's how to azure functions vs logic apps — when should i use each: [detailed explanation with citations],https://docs.microsoft.com/azure/templates/,learn.microsoft.com
2026-02-05,Gemini,gemini-pro,003,Azure Functions vs Logic Apps — when should I use each?,Based on official documentation: Azure Functions vs Logic Apps — when should I use each? can be addressed by following these steps...,https://learn.microsoft.com/en-us/azure/,learn.microsoft.com
2026-02-05,Gemini,gemini-pro,003,Azure Functions vs Logic Apps — when should I use each?,Based on official documentation: Azure Functions vs Logic Apps — when should I use each? can be addressed by following these steps...,https://cloud.google.com/docs/,cloud.google.com
2026-02-05,Perplexity,llama-3.1-sonar-small-128k-online,003,Azure Functions vs Logic Apps — when should I use each?,According to multiple sources including Microsoft Learn: Azure Functions vs Logic Apps — when should I use each involves several key considerations...,https://docs.microsoft.com/azure/,learn.microsoft.com
2026-02-05,Perplexity,llama-3.1-sonar-small-128k-online,003,Azure Functions vs Logic Apps — when should I use each?,According to multiple sources including Microsoft Learn: Azure Functions vs Logic Apps — when should I use each involves several key considerations...,https://learn.microsoft.com/azure/well-architected/,learn.microsoft.com
2026-02-05,ChatGPT,gpt-4-turbo,004,Why does my Azure DevOps pipeline fail with error MSB1009?,Here's how to why does my azure devops pipeline fail with error msb1009: [detailed explanation with citations],https://learn.microsoft.com/azure/,learn.microsoft.com
2026-02-05,ChatGPT,gpt-4-turbo,004,Why does my Azure DevOps pipeline fail with error MSB1009?,Here's how to why does my azure devops pipeline fail with error msb1009: [detailed explanation with citations],https://stackoverflow.com/questions/12345,stackoverflow.com
2026-02-05,Gemini,gemini-pro,004,Why does my Azure DevOps pipeline fail with error MSB1009?,Based on official documentation: Why does my Azure DevOps pipeline fail with error MSB1009? can be addressed by following these steps...,https://learn.microsoft.com/en-us/azure/,learn.microsoft.com
2026-02-05,Gemini,gemini-pro,004,Why does my Azure DevOps pipeline fail with error MSB1009?,Based on official documentation: Why does my Azure DevOps pipeline fail with error MSB1009? can be addressed by following these steps...,https://cloud.google.com/docs/,cloud.google.com
2026-02-05,Perplexity,llama-3.1-sonar-small-128k-online,004,Why does my Azure DevOps pipeline fail with error MSB1009?,According to multiple sources including Microsoft Learn: Why does my Azure DevOps pipeline fail with error MSB1009 involves several key considerations...,https://learn.microsoft.com/azure/devops/,learn.microsoft.com
2026-02-05,Perplexity,llama-3.1-sonar-small-128k-online,004,Why does my Azure DevOps pipeline fail with error MSB1009?,According to multiple sources including Microsoft Learn: Why does my Azure DevOps pipeline fail with error MSB1009 involves several key considerations...,https://techcommunity.microsoft.com/blog/,techcommunity.microsoft.com
2026-02-05,Perplexity,llama-3.1-sonar-small-128k-online,004,Why does my Azure DevOps pipeline fail with error MSB1009?,According to multiple sources including Microsoft Learn: Why does my Azure DevOps pipeline fail with error MSB1009 involves several key considerations...,https://github.com/Azure/azure-quickstart-templates,github.com
2026-02-05,ChatGPT,gpt-4-turbo,005,What skills are covered in the AZ-104 certification?,Here's how to what skills are covered in the az-104 certification: [detailed explanation with citations],https://learn.microsoft.com/azure/,learn.microsoft.com
2026-02-05,ChatGPT,gpt-4-turbo,005,What skills are covered in the AZ-104 certification?,Here's how to what skills are covered in the az-104 certification: [detailed explanation with citations],https://stackoverflow.com/questions/12345,stackoverflow.com
2026-02-05,Gemini,gemini-pro,005,What skills are covered in the AZ-104 certification?,Based on official documentation: What skills are covered in the AZ-104 certification? can be addressed by following these steps...,https://docs.microsoft.com/troubleshoot/,learn.microsoft.com
2026-02-05,Gemini,gemini-pro,005,What skills are covered in the AZ-104 certification?,Based on official documentation: What skills are covered in the AZ-104 certification? can be addressed by following these steps...,https://learn.microsoft.com/training/,learn.microsoft.com
2026-02-05,Perplexity,llama-3.1-sonar-small-128k-online,005,What skills are covered in the AZ-104 certification?,According to multiple sources including Microsoft Learn: What skills are covered in the AZ-104 certification involves several key considerations...,https://docs.microsoft.com/azure/,learn.microsoft.com
2026-02-05,Perplexity,llama-3.1-sonar-small-128k-online,005,What skills are covered in the AZ-104 certification?,According to multiple sources including Microsoft Learn: What skills are covered in the AZ-104 certification involves several key considerations...,https://learn.microsoft.com/azure/well-architected/,learn.microsoft.com
2026-02-05,ChatGPT,gpt-4-turbo,006,How do I configure Azure Application Gateway with SSL termination?,Here's how to configure azure application gateway with ssl termination: [detailed explanation with citations],https://learn.microsoft.com/azure/,learn.microsoft.com
2026-02-05,ChatGPT,gpt-4-turbo,006,How do I configure Azure Application Gateway with SSL termination?,Here's how to configure azure application gateway with ssl termination: [detailed explanation with citations],https://stackoverflow.com/questions/12345,stackoverflow.com
2026-02-05,Gemini,gemini-pro,006,How do I configure Azure Application Gateway with SSL termination?,Based on official documentation: How do I configure Azure Application Gateway with SSL termination? can be addressed by following these steps...,https://learn.microsoft.com/en-us/azure/,learn.microsoft.com
2026-02-05,Gemini,gemini-pro,006,How do I configure Azure Application Gateway with SSL termination?,Based on official documentation: How do I configure Azure Application Gateway with SSL termination? can be addressed by following these steps...,https://cloud.google.com/docs/,cloud.google.com
2026-02-05,Perplexity,llama-3.1-sonar-small-128k-online,006,How do I configure Azure Application Gateway with SSL termination?,According to multiple sources including Microsoft Learn: How do I configure Azure Application Gateway with SSL termination involves several key considerations...,https://docs.microsoft.com/azure/,learn.microsoft.com
2026-02-05,Perplexity,llama-3.1-sonar-small-128k-online,006,How do I configure Azure Application Gateway with SSL termination?,According to multiple sources including Microsoft Learn: How do I configure Azure Application Gateway with SSL termination involves several key considerations...,https://learn.microsoft.com/azure/well-architected/,learn.microsoft.com
2026-02-05,ChatGPT,gpt-4-turbo,007,What is Azure Service Bus and when should I use it?,Here's how to what is azure service bus and when should i use it: [detailed explanation with citations],https://learn.microsoft.com/azure/,learn.microsoft.com
2026-02-05,ChatGPT,gpt-4-turbo,007,What is Azure Service Bus and when should I use it?,Here's how to what is azure service bus and when should i use it: [detailed explanation with citations],https://stackoverflow.com/questions/12345,stackoverflow.com
2026-02-05,Gemini,gemini-pro,007,What is Azure Service Bus and when should I use it?,Based on official documentation: What is Azure Service Bus and when should I use it? can be addressed by following these steps...,https://learn.microsoft.com/en-us/azure/,learn.microsoft.com
2026-02-05,Gemini,gemini-pro,007,What is Azure Service Bus and when should I use it?,Based on official documentation: What is Azure Service Bus and when should I use it? can be addressed by following these steps...,https://cloud.google.com/docs/,cloud.google.com
2026-02-05,Perplexity,llama-3.1-sonar-small-128k-online,007,What is Azure Service Bus and when should I use it?,According to multiple sources including Microsoft Learn: What is Azure Service Bus and when should I use it involves several key considerations...,https://docs.microsoft.com/azure/,learn.microsoft.com
2026-02-05,Perplexity,llama-3.1-sonar-small-128k-online,007,What is Azure Service Bus and when should I use it?,According to multiple sources including Microsoft Learn: What is Azure Service Bus and when should I use it involves several key considerations...,https://learn.microsoft.com/azure/well-architected/,learn.microsoft.com
2026-02-05,ChatGPT,gpt-4-turbo,008,How do I create a custom Azure policy?,Here's how to create a custom azure policy: [detailed explanation with citations],https://learn.microsoft.com/azure/,learn.microsoft.com
2026-02-05,ChatGPT,gpt-4-turbo,008,How do I create a custom Azure policy?,Here's how to create a custom azure policy: [detailed explanation with citations],https://stackoverflow.com/questions/12345,stackoverflow.com
2026-02-05,Gemini,gemini-pro,008,How do I create a custom Azure policy?,Based on official documentation: How do I create a custom Azure policy? can be addressed by following these steps...,https://learn.microsoft.com/en-us/azure/,learn.microsoft.com
2026-02-05,Gemini,gemini-pro,008,How do I create a custom Azure policy?,Based on official documentation: How do I create a custom Azure policy? can be addressed by following these steps...,https://cloud.google.com/docs/,cloud.google.com
2026-02-05,Perplexity,llama-3.1-sonar-small-128k-online,008,How do I create a custom Azure policy?,According to multiple sources including Microsoft Learn: How do I create a custom Azure policy involves several key considerations...,https://docs.microsoft.com/azure/,learn.microsoft.com
2026-02-05,Perplexity,llama-3.1-sonar-small-128k-online,008,How do I create a custom Azure policy?,According to multiple sources including Microsoft Learn: How do I create a custom Azure policy involves several key considerations...,https://learn.microsoft.com/azure/well-architected/,learn.microsoft.com
2026-02-05,ChatGPT,gpt-4-turbo,009,Why is my Azure Storage account showing throttling errors?,Here's how to why is my azure storage account showing throttling errors: [detailed explanation with citations],https://learn.microsoft.com/azure/,learn.microsoft.com
2026-02-05,ChatGPT,gpt-4-turbo,009,Why is my Azure Storage account showing throttling errors?,Here's how to why is my azure storage account showing throttling errors: [detailed explanation with citations],https://stackoverflow.com/questions/12345,stackoverflow.com
2026-02-05,Gemini,gemini-pro,009,Why is my Azure Storage account showing throttling errors?,Based on official documentation: Why is my Azure Storage account showing throttling errors? can be addressed by following these steps...,https://learn.microsoft.com/en-us/azure/,learn.microsoft.com
2026-02-05,Gemini,gemini-pro,009,Why is my Azure Storage account showing throttling errors?,Based on official documentation: Why is my Azure Storage account showing throttling errors? can be addressed by following these steps...,https://cloud.google.com/docs/,cloud.google.com
2026-02-05,Perplexity,llama-3.1-sonar-small-128k-online,009,Why is my Azure Storage account showing throttling errors?,According to multiple sources including Microsoft Learn: Why is my Azure Storage account showing throttling errors involves several key considerations...,https://docs.microsoft.com/azure/,learn.microsoft.com
2026-02-05,Perplexity,llama-3.1-sonar-small-128k-online,009,Why is my Azure Storage account showing throttling errors?,According to multiple sources including Microsoft Learn: Why is my Azure Storage account showing throttling errors involves several key considerations...,https://learn.microsoft.com/azure/well-architected/,learn.microsoft.com
2026-02-05,ChatGPT,gpt-4-turbo,010,Azure SQL Database vs Azure SQL Managed Instance differences?,Here's how to azure sql database vs azure sql managed instance differences: [detailed explanation with citations],https://learn.microsoft.com/azure/,learn.microsoft.com
2026-02-05,ChatGPT,gpt-4-turbo,010,Azure SQL Database vs Azure SQL Managed Instance differences?,Here's how to azure sql database vs azure sql managed instance differences: [detailed explanation with citations],https://stackoverflow.com/questions/12345,stackoverflow.com
2026-02-05,Gemini,gemini-pro,010,Azure SQL Database vs Azure SQL Managed Instance differences?,Based on official documentation: Azure SQL Database vs Azure SQL Managed Instance differences? can be addressed by following these steps...,https://learn.microsoft.com/en-us/azure/,learn.microsoft.com
2026-02-05,Gemini,gemini-pro,010,Azure SQL Database vs Azure SQL Managed Instance differences?,Based on official documentation: Azure SQL Database vs Azure SQL Managed Instance differences? can be addressed by following these steps...,https://cloud.google.com/docs/,cloud.google.com
2026-02-05,Perplexity,llama-3.1-sonar-small-128k-online,010,Azure SQL Database vs Azure SQL Managed Instance differences?,According to multiple sources including Microsoft Learn: Azure SQL Database vs Azure SQL Managed Instance differences involves several key considerations...,https://docs.microsoft.com/azure/,learn.microsoft.com
2026-02-05,Perplexity,llama-3.1-sonar-small-128k-online,010,Azure SQL Database vs Azure SQL Managed Instance differences?,According to multiple sources including Microsoft Learn: Azure SQL Database vs Azure SQL Managed Instance differences involves several key considerations...,https://learn.microsoft.com/azure/well-architected/,learn.microsoft.com
